inserare locatie,2022-19-23 04:19:10
inserare eveniment,2022-19-23 04:19:10
inserare locatie,2022-22-23 04:22:20
afiseaza toate locatiile,2022-22-23 04:22:20
sterge locatie,2022-42-23 04:42:41
inserare locatie,2022-13-23 05:13:39
inserare locatie,2022-15-23 05:15:26
inserare eveniment,2022-15-23 05:15:28
afiseaza toate locatiile,2022-15-23 05:15:28
afiseaza toate evenimentele,2022-28-23 05:28:10
afiseaza locatie dupa id,2022-31-23 05:31:36
afiseaza toate locatiile,2022-50-23 06:50:31
afiseaza locatie dupa id,2022-51-23 06:51:55
sterge locatie,2022-52-23 06:52:47
afiseaza toate locatiile,2022-52-23 06:52:58
afiseaza toate locatiile,2022-24-23 07:24:34
afiseaza toate locatiile,2022-28-23 07:28:02
afiseaza toate locatiile,2022-29-23 07:29:55
afiseaza toate locatiile,2022-30-23 07:30:22
afiseaza toate locatiile,2022-34-23 07:34:40
afiseaza toate locatiile,2022-39-23 10:39:43
afiseaza locatie dupa id,2022-36-23 11:36:01
afiseaza toate locatiile,2022-36-23 11:36:01
afiseaza locatie dupa id,2022-36-23 11:36:56
afiseaza toate locatiile,2022-37-23 11:37:12
afiseaza toate evenimentele,2022-38-23 11:38:25
afiseaza toate locatiile,2022-38-23 11:38:38
afiseaza toate locatiile,2022-41-23 11:41:32
afiseaza toate locatiile,2022-47-24 06:47:12
